{"name":"justnotes.io","targetUrl":"http://justnotes.io","counter":false,"bounce":false,"width":1280,"height":800,"showMenuBar":false,"fastQuit":false,"userAgent":"Mozilla/5.0 (Windows NT 10.0; Win64; x64) AppleWebKit/537.36 (KHTML, like Gecko) Chrome/66.0.3359.181 Safari/537.36","nativefierVersion":"7.6.12","ignoreCertificate":false,"disableGpu":false,"ignoreGpuBlacklist":false,"enableEs3Apis":false,"insecure":false,"flashPluginDir":null,"diskCacheSize":null,"fullScreen":false,"maximize":false,"zoom":1,"internalUrls":null,"singleInstance":false,"clearCache":false,"win32metadata":{"ProductName":"justnotes.io","InternalName":"justnotes.io","FileDescription":"justnotes.io"},"tray":false,"basicAuthUsername":null,"basicAuthPassword":null,"alwaysOnTop":false,"titleBarStyle":null,"globalShortcuts":null}